[
  {
    "id": "88adcc26-b269-4d5a-b360-5c928a606db1",
    "data": [
      {
        "text": "Tell me dice number",
        "userDefined": false
      }
    ],
    "isTemplate": false,
    "count": 0
  },
  {
    "id": "9a43f0cb-5473-4cd3-a1d1-6b8e4efdb00d",
    "data": [
      {
        "text": "Roll a Dice",
        "userDefined": false
      }
    ],
    "isTemplate": false,
    "count": 0
  },
  {
    "id": "0ccafd71-0ce7-4ee5-a4a3-dc9b51273879",
    "data": [
      {
        "text": "Dice Number",
        "userDefined": false
      }
    ],
    "isTemplate": false,
    "count": 0
  },
  {
    "id": "9e4180ec-27e0-46f7-8239-437e51812399",
    "data": [
      {
        "text": "Give me dice number",
        "userDefined": false
      }
    ],
    "isTemplate": false,
    "count": 0
  },
  {
    "id": "2bf6ad71-d0c4-42de-bea5-2b19aa6b32f8",
    "data": [
      {
        "text": "Number",
        "userDefined": false
      }
    ],
    "isTemplate": false,
    "count": 0
  }
]